{
    "name": "horrible-iSpindel-white01",
    "ID": 6595341,
    "angle": 24.95178,
    "temperature": 18.625,
    "battery": 4.087591,
    "gravity": 1.000426,
    "RSSI": -55,
    "interval": 900
}